sim_id,total_op_bought,total_eth_spent,avg_price
0,219527.1827142751,22.173370367865786,9900.487795595545
1,218514.59011190856,22.173370367865786,9854.820737066904
2,219148.43642004582,22.173370367865786,9883.40666232867
3,218875.72286728772,22.173370367865786,9871.107514827245
4,219055.82397580563,22.173370367865786,9879.22992046653
5,218955.60013066413,22.173370367865786,9874.70991094706
6,218662.85813377218,22.173370367865786,9861.507497780489
7,218576.5483400548,22.173370367865786,9857.61500005527
8,219101.27102844845,22.173370367865786,9881.279543590523
9,218747.9718035479,22.173370367865786,9865.346051341074
10,218694.03720813684,22.173370367865786,9862.913647312445
11,218752.17178663675,22.173370367865786,9865.535466978803
12,218960.10726146048,22.173370367865786,9874.913178683159
13,219100.94001723116,22.173370367865786,9881.264615268314
14,219206.36716263494,22.173370367865786,9886.019289170148
15,219381.31168805802,22.173370367865786,9893.909137331284
16,218686.82895799555,22.173370367865786,9862.588561408873
17,218737.343869312,22.173370367865786,9864.86674061566
18,219254.57590828158,22.173370367865786,9888.193462281715
19,218981.43468017277,22.173370367865786,9875.875026988511
20,218437.3912389795,22.173370367865786,9851.339134060763
21,218708.45638517768,22.173370367865786,9863.563939839094
22,218732.65574775232,22.173370367865786,9864.655310351252
23,219345.170964188,22.173370367865786,9892.279221658995
24,218961.19329366283,22.173370367865786,9874.962157804704
25,218910.94471599656,22.173370367865786,9872.695990017282
26,219183.17619467952,22.173370367865786,9884.973396391077
27,218610.8671517613,22.173370367865786,9859.162749050445
28,218807.01592022215,22.173370367865786,9868.008890399578
29,218757.4944244204,22.173370367865786,9865.775513381102
30,219108.18745711306,22.173370367865786,9881.591468595601
31,218848.62175462925,22.173370367865786,9869.88527787324
32,218615.05198950061,22.173370367865786,9859.35148164589
33,219042.6095527859,22.173370367865786,9878.633961313704
34,218748.9538344925,22.173370367865786,9865.39034009503
35,219204.6114082939,22.173370367865786,9885.940106154128
36,218743.19495993658,22.173370367865786,9865.130619788177
37,218937.46047324143,22.173370367865786,9873.891827943811
38,218687.7535685422,22.173370367865786,9862.630260552092
39,218859.05997001607,22.173370367865786,9870.356032441157
40,219050.2366245576,22.173370367865786,9878.97793571386
41,219034.52119165694,22.173370367865786,9878.269183158884
42,219091.90680448187,22.173370367865786,9880.857225115196
43,219303.9252447816,22.173370367865786,9890.419075063232
44,219118.7796550229,22.173370367865786,9882.069167643338
45,218383.92415722436,22.173370367865786,9848.927814497336
46,219380.01762685832,22.173370367865786,9893.850776280246
47,219226.66389712825,22.173370367865786,9886.934654500568
48,219129.32614037496,22.173370367865786,9882.544805093896
49,219202.23755900696,22.173370367865786,9885.833047585786
50,219181.39650043286,22.173370367865786,9884.893133705831
51,218933.40570119122,22.173370367865786,9873.70896119947
52,219025.2798503737,22.173370367865786,9877.85240658726
53,218778.4073834997,22.173370367865786,9866.718669912218
54,218748.61236598052,22.173370367865786,9865.374940157793
55,218847.67191191824,22.173370367865786,9869.84244078103
56,218954.92121624434,22.173370367865786,9874.679292488589
57,219166.28595728998,22.173370367865786,9884.211661160512
58,218622.0833425771,22.173370367865786,9859.668589643448
59,218960.8782192559,22.173370367865786,9874.947948218985
60,218225.466647366,22.173370367865786,9841.781516608044
61,219261.25018471747,22.173370367865786,9888.494466428814
62,218327.22722870085,22.173370367865786,9846.370831612781
63,218590.63855518,22.173370367865786,9858.250456681459
64,219110.92274355516,22.173370367865786,9881.714827669875
65,218898.88011185988,22.173370367865786,9872.151886710633
66,218556.56363824208,22.173370367865786,9856.713707131317
67,218888.70075363113,22.173370367865786,9871.692806378693
68,218552.14150400623,22.173370367865786,9856.514272667251
69,218861.39686856008,22.173370367865786,9870.461424562664
70,218404.48833569637,22.173370367865786,9849.855241321984
71,218505.93338974164,22.173370367865786,9854.430326316382
72,219077.02390107326,22.173370367865786,9880.186018926797
73,219060.4259708859,22.173370367865786,9879.43746650053
74,218792.17911264783,22.173370367865786,9867.339763093798
75,219075.52722460247,22.173370367865786,9880.118520100685
76,218867.6537515609,22.173370367865786,9870.743604623565
77,219220.4011657572,22.173370367865786,9886.652210683182
78,218926.1375477012,22.173370367865786,9873.38117370621
79,218962.21561836326,22.173370367865786,9875.008263772515
80,219414.32199192367,22.173370367865786,9895.397873744287
81,218745.49888034342,22.173370367865786,9865.23452462396
82,218776.9515177405,22.173370367865786,9866.653011614222
83,219247.23160054965,22.173370367865786,9887.862240297412
84,218982.08226528743,22.173370367865786,9875.904232522173
85,218567.13105290115,22.173370367865786,9857.190288475686
86,219175.60476107482,22.173370367865786,9884.631931224569
87,218880.4137448763,22.173370367865786,9871.319069386194
88,218924.34050472334,22.173370367865786,9873.300128608056
89,218813.93437744828,22.173370367865786,9868.320906891044
90,218814.5725584482,22.173370367865786,9868.34968830719
91,218503.75606972736,22.173370367865786,9854.332131049801
92,219006.16147435765,22.173370367865786,9876.990184214257
93,218576.16445121705,22.173370367865786,9857.597686997697
94,218763.5085203859,22.173370367865786,9866.046743954792
95,219192.96866508675,22.173370367865786,9885.415028413849
96,218955.4726825699,22.173370367865786,9874.704163147238
97,219167.3188884782,22.173370367865786,9884.258245471834
98,219297.65873719958,22.173370367865786,9890.136460941965
99,218967.59044143968,22.173370367865786,9875.250663686793
100,218679.5345590002,22.173370367865786,9862.259590265816
101,219090.2918662739,22.173370367865786,9880.784392786094
102,218564.7912404206,22.173370367865786,9857.084764938138
103,219130.9243970272,22.173370367865786,9882.616885099134
104,218729.67332666152,22.173370367865786,9864.520805716127
105,219256.7889025922,22.173370367865786,9888.293266428487
106,219528.3312013643,22.173370367865786,9900.539591378962
107,218906.59944015648,22.173370367865786,9872.500021800994
108,219639.7639004646,22.173370367865786,9905.565110605474
109,218675.29635640446,22.173370367865786,9862.06845096108
110,219130.08568882875,22.173370367865786,9882.579060078195
111,218911.86665474318,22.173370367865786,9872.73756866461
112,219497.8206873047,22.173370367865786,9899.163593343776
113,218766.9163970031,22.173370367865786,9866.200436269522
114,218860.33864486686,22.173370367865786,9870.413699581046
115,218920.04033233956,22.173370367865786,9873.106194518992
116,218934.34979878733,22.173370367865786,9873.75153919192
117,219339.53516116823,22.173370367865786,9892.025051772944
118,218624.32762528493,22.173370367865786,9859.76980487012
119,218740.00106374267,22.173370367865786,9864.986577807145
120,218648.01756670533,22.173370367865786,9860.838200924818
121,218489.49513832998,22.173370367865786,9853.688975266048
122,218587.58166633052,22.173370367865786,9858.11259361424
123,219201.13668115926,22.173370367865786,9885.783398938356
124,218843.319649143,22.173370367865786,9869.646157459956
125,218961.22212273267,22.173370367865786,9874.963457971047
126,218795.76142820495,22.173370367865786,9867.501322455217
127,218852.60878437132,22.173370367865786,9870.06508949754
128,219501.7696130407,22.173370367865786,9899.34168651006
129,219786.31824556537,22.173370367865786,9912.174585965755
130,218593.7566874577,22.173370367865786,9858.3910817748
131,219036.54385510524,22.173370367865786,9878.360403546887
132,218133.03202156813,22.173370367865786,9837.612794205255
133,219256.92624916593,22.173370367865786,9888.29946064125
134,218539.75408255114,22.173370367865786,9855.955610576213
135,218843.79257218292,22.173370367865786,9869.66748588374
136,219116.10228303188,22.173370367865786,9881.948420461173
137,218533.92231951392,22.173370367865786,9855.692603061321
138,218652.7902216883,22.173370367865786,9861.053443574167
139,219019.8999205512,22.173370367865786,9877.609776363111
140,218936.49432402942,22.173370367865786,9873.848255442383
141,218928.9219194768,22.173370367865786,9873.506746486955
142,219334.85896181565,22.173370367865786,9891.81415918986
143,219113.25409261914,22.173370367865786,9881.819969514587
144,218342.49946002208,22.173370367865786,9847.05959615637
145,219034.7758310502,22.173370367865786,9878.280667177281
146,218545.4690041354,22.173370367865786,9856.213348641715
147,219084.22033872257,22.173370367865786,9880.510572097104
148,218848.23888274765,22.173370367865786,9869.868010679518
149,218819.08961578552,22.173370367865786,9868.553403721779
150,218998.8533101638,22.173370367865786,9876.660592272545
151,219134.2898913664,22.173370367865786,9882.76866600945
152,218846.46449039347,22.173370367865786,9869.787987105079
153,219321.09930146634,22.173370367865786,9891.193610300763
154,219251.4818267421,22.173370367865786,9888.053921856053
155,218965.49725768404,22.173370367865786,9875.156262893368
156,218756.91857921623,22.173370367865786,9865.74954325592
157,219428.74147743412,22.173370367865786,9896.04818018265
158,219240.8792896108,22.173370367865786,9887.57575651829
159,218758.61334921952,22.173370367865786,9865.825975930573
160,218653.48910787536,22.173370367865786,9861.084962742225
161,218730.67328878277,22.173370367865786,9864.565903150782
162,218732.38369983662,22.173370367865786,9864.643041223411
163,218803.17412657978,22.173370367865786,9867.8356287989
164,219015.19143021444,22.173370367865786,9877.397427484315
165,218997.4977518927,22.173370367865786,9876.599457756294
166,219326.65615505906,22.173370367865786,9891.444219635317
167,218712.0293450791,22.173370367865786,9863.725077268458
168,218666.73207182484,22.173370367865786,9861.682209066523
169,218424.35483344836,22.173370367865786,9850.751203344103
170,218991.1659161105,22.173370367865786,9876.31389738919
171,218880.34050989646,22.173370367865786,9871.315766551368
172,218158.09920921808,22.173370367865786,9838.743302884543
173,219331.55112847916,22.173370367865786,9891.664978741348
174,218943.43283866643,22.173370367865786,9874.161176505888
175,218979.25609988312,22.173370367865786,9875.77677488459
176,219107.67396401602,22.173370367865786,9881.568310497012
177,218663.12300488076,22.173370367865786,9861.51944324048
178,218816.6112095924,22.173370367865786,9868.441629726576
179,219025.74949639893,22.173370367865786,9877.87358722049
180,218391.5101636022,22.173370367865786,9849.269936883422
181,219611.49029689757,22.173370367865786,9904.28999531637
182,218979.49642735787,22.173370367865786,9875.78761344773
183,219365.9827259461,22.173370367865786,9893.217814277656
184,218525.26479824184,22.173370367865786,9855.302156271842
185,219158.91469482344,22.173370367865786,9883.87922354078
186,218632.96361892202,22.173370367865786,9860.15928078171
187,218800.95094140942,22.173370367865786,9867.735365053088
188,218847.47101507874,22.173370367865786,9869.833380505748
189,219334.57152198837,22.173370367865786,9891.801195899998
190,218859.66129984337,22.173370367865786,9870.383151901002
191,218857.04229908777,22.173370367865786,9870.265037211528
192,218988.14774004862,22.173370367865786,9876.177780235514
193,218830.69745908648,22.173370367865786,9869.0769075062
194,219359.7469908425,22.173370367865786,9892.936587968794
195,218621.66260208664,22.173370367865786,9859.649614607923
196,219022.3756894825,22.173370367865786,9877.721431420065
197,218789.32933609973,22.173370367865786,9867.211240613868
198,218678.880151855,22.173370367865786,9862.230077064423
199,219252.10862571961,22.173370367865786,9888.082189952744
200,219189.64906324836,22.173370367865786,9885.265317215988
201,219209.0632632987,22.173370367865786,9886.140880999403
202,218904.02655422868,22.173370367865786,9872.383986850731
203,218638.25252677302,22.173370367865786,9860.397805992956
204,219408.22289365478,22.173370367865786,9895.122809639564
205,219181.519486134,22.173370367865786,9884.898680255548
206,219001.1837499913,22.173370367865786,9876.765693111473
207,218946.20869347104,22.173370367865786,9874.286365178541
208,218960.24995562885,22.173370367865786,9874.919614067856
209,218779.4411502278,22.173370367865786,9866.765291905669
210,219066.1879071091,22.173370367865786,9879.697324885954
211,218902.3300216685,22.173370367865786,9872.307474686271
212,218727.13891577427,22.173370367865786,9864.406505957219
213,219171.83144968725,22.173370367865786,9884.46175811489
214,218694.7058926668,22.173370367865786,9862.943804411654
215,219253.15117417974,22.173370367865786,9888.129207994785
216,219056.0721997807,22.173370367865786,9879.241115155066
217,218754.57599637867,22.173370367865786,9865.643894777646
218,218856.0753524415,22.173370367865786,9870.221428746498
219,218775.46613469018,22.173370367865786,9866.586022111693
220,218568.88035734004,22.173370367865786,9857.269180606645
221,219258.5691983153,22.173370367865786,9888.373556239803
222,218628.4938187685,22.173370367865786,9859.95769662561
223,218793.10051230236,22.173370367865786,9867.381317428537
224,219024.71846035172,22.173370367865786,9877.827088378406
225,219583.40764190786,22.173370367865786,9903.023491644451
226,218706.44342952376,22.173370367865786,9863.473157264298
227,218949.77335793414,22.173370367865786,9874.447128490747
228,218519.0001789177,22.173370367865786,9855.019627309388
229,219093.6425879093,22.173370367865786,9880.935507460128
230,219047.04196207013,22.173370367865786,9878.833859173646
231,218741.1916780798,22.173370367865786,9865.04027349334
232,218980.94731595708,22.173370367865786,9875.853047280076
233,218532.12562026005,22.173370367865786,9855.611573464825
234,219132.1843080856,22.173370367865786,9882.673706008065
235,218500.4984460484,22.173370367865786,9854.185215013813
236,219528.79034947045,22.173370367865786,9900.560298565038
237,218681.4307455674,22.173370367865786,9862.345106654877
238,218665.0211108918,22.173370367865786,9861.605046194814
239,218328.8449538009,22.173370367865786,9846.443789628329
240,219111.63376143636,22.173370367865786,9881.746893966942
241,218995.2867971104,22.173370367865786,9876.499745590501
242,219063.61368860584,22.173370367865786,9879.58122983768
243,218614.1770705972,22.173370367865786,9859.312023553191
244,218899.3118706134,22.173370367865786,9872.17135866038
245,218961.0936488707,22.173370367865786,9874.957663909981
246,218927.85947384496,22.173370367865786,9873.458831099524
247,218681.39431630372,22.173370367865786,9862.343463726307
248,218605.7276433272,22.173370367865786,9858.93096162486
249,218444.80293858203,22.173370367865786,9851.67339536067
250,219029.44511364025,22.173370367865786,9878.040256390761
251,218841.03859024096,22.173370367865786,9869.543283658446
252,219585.99349789234,22.173370367865786,9903.140111533156
253,218702.05096576436,22.173370367865786,9863.27506091329
254,218403.2867742781,22.173370367865786,9849.801051931812
255,219108.71957412863,22.173370367865786,9881.615466616955
256,219029.3739740809,22.173370367865786,9878.037048057604
257,219492.31376545798,22.173370367865786,9898.915235888173
258,219050.38651167502,22.173370367865786,9878.984695494395
259,219372.91816167402,22.173370367865786,9893.530596485001
260,218872.58436053255,22.173370367865786,9870.965970862431
261,218796.61036962384,22.173370367865786,9867.539608985628
262,218667.96110723494,22.173370367865786,9861.73763751018
263,219080.63366280735,22.173370367865786,9880.348816087273
264,219339.576227506,22.173370367865786,9892.026903829583
265,219153.04828482363,22.173370367865786,9883.61465347757
266,219214.3353626234,22.173370367865786,9886.378648160517
267,218918.22142738014,22.173370367865786,9873.024163464206
268,218934.8573850231,22.173370367865786,9873.774430896128
269,218914.20142751333,22.173370367865786,9872.842864915538
270,218913.63167363172,22.173370367865786,9872.817169503782
271,218687.11343985514,22.173370367865786,9862.601391296927
272,219306.7478279779,22.173370367865786,9890.546371146302
273,218943.73621661373,22.173370367865786,9874.174858591303
274,218842.4896161016,22.173370367865786,9869.608723681165
275,218739.02885382998,22.173370367865786,9864.942731973311
276,218676.4963572243,22.173370367865786,9862.1225699696
277,219390.6858676498,22.173370367865786,9894.331904796773
278,219025.7412150821,22.173370367865786,9877.873213740198
279,218727.96381834772,22.173370367865786,9864.443708356303
280,218804.6777292583,22.173370367865786,9867.903439991045
281,218765.1647844725,22.173370367865786,9866.121440045603
282,218751.54953707365,22.173370367865786,9865.507404056803
283,218781.75544683594,22.173370367865786,9866.86966469924
284,219159.5678824026,22.173370367865786,9883.90868174079
285,218894.7644612378,22.173370367865786,9871.966274394877
286,218523.48231309804,22.173370367865786,9855.221767719528
287,219219.90971171446,22.173370367865786,9886.63004652705
288,219021.42647115837,22.173370367865786,9877.67862248717
289,218775.48504715398,22.173370367865786,9866.586875047602
290,219267.75381973415,22.173370367865786,9888.787774794155
291,219173.58954144877,22.173370367865786,9884.54104654657
292,218945.1749611192,22.173370367865786,9874.239744735429
293,219330.21087763895,22.173370367865786,9891.60453457711
294,218679.7359120204,22.173370367865786,9862.268671114458
295,219018.5926393447,22.173370367865786,9877.550819101098
296,218466.66762228232,22.173370367865786,9852.659473856522
297,219014.28495958497,22.173370367865786,9877.356546435813
298,218519.95581336605,22.173370367865786,9855.062725603986
299,218927.16872529796,22.173370367865786,9873.427678932057
300,219490.4789532338,22.173370367865786,9898.832487429381
301,218714.87302650078,22.173370367865786,9863.853324863412
302,219313.1471906134,22.173370367865786,9890.834976916618
303,219278.50239449093,22.173370367865786,9889.272526303666
304,219125.13316334298,22.173370367865786,9882.355705423326
305,219088.64657337454,22.173370367865786,9880.710191486423
306,218612.085056778,22.173370367865786,9859.217675522897
307,218410.34789874143,22.173370367865786,9850.119502593403
308,218651.5843374441,22.173370367865786,9860.999059228252
309,218737.5900388285,22.173370367865786,9864.877842649874
310,218713.60129747228,22.173370367865786,9863.795970974155
311,218784.3195198379,22.173370367865786,9866.9853021941
312,218958.45253495092,22.173370367865786,9874.838551935753
313,218819.1368082205,22.173370367865786,9868.55553206015
314,219260.5323784381,22.173370367865786,9888.462093980808
315,218721.75428565065,22.173370367865786,9864.163663753518
316,219278.25703811983,22.173370367865786,9889.26146094161
317,218892.16987571903,22.173370367865786,9871.84926081166
318,218947.0859321494,22.173370367865786,9874.325927891103
319,219069.49308577247,22.173370367865786,9879.846385610983
320,219197.13553207793,22.173370367865786,9885.602950543955
321,218170.09273879495,22.173370367865786,9839.284200789458
322,218889.7504749818,22.173370367865786,9871.740147911947
323,218815.30553015156,22.173370367865786,9868.38274470282
324,218420.79744401018,22.173370367865786,9850.590768129287
325,219035.7126109365,22.173370367865786,9878.32291514729
326,219024.42177566607,22.173370367865786,9877.813708153355
327,218747.4559009745,22.173370367865786,9865.322784577165
328,218280.61626431148,22.173370367865786,9844.268717066545
329,218596.99890157077,22.173370367865786,9858.537302852576
330,218500.47782931308,22.173370367865786,9854.18428521672
331,219279.7132413992,22.173370367865786,9889.327134461479
332,218801.93365070774,22.173370367865786,9867.779684400215
333,218947.64790768665,22.173370367865786,9874.351272506194
334,219223.86887994743,22.173370367865786,9886.808601621171
335,219180.1828276103,22.173370367865786,9884.838398101707
336,219036.56813659228,22.173370367865786,9878.361498621141
337,218813.49768999274,22.173370367865786,9868.30121266106
338,219069.50462384656,22.173370367865786,9879.846905968236
339,218942.0352162831,22.173370367865786,9874.098144934227
340,218606.20617711588,22.173370367865786,9858.952543088604
341,219292.09453444643,22.173370367865786,9889.885520166574
342,218799.19498850696,22.173370367865786,9867.65617308212
343,219114.28508570025,22.173370367865786,9881.866466418938
344,218516.38936575715,22.173370367865786,9854.901881873433
345,218918.21124449553,22.173370367865786,9873.02370422484
346,218725.71590596196,22.173370367865786,9864.342329434268
347,218309.58497532847,22.173370367865786,9845.575181105904
348,219371.63751439258,22.173370367865786,9893.47284039018
349,219010.53086976762,22.173370367865786,9877.187240202476
350,218722.3142466515,22.173370367865786,9864.188917514744
351,219189.94824960275,22.173370367865786,9885.278810264153
352,218383.58628864525,22.173370367865786,9848.912576913986
353,218882.3495652787,22.173370367865786,9871.406373227255
354,219243.52459515163,22.173370367865786,9887.695057531035
355,218309.83633767397,22.173370367865786,9845.586517332256
356,218468.49716954897,22.173370367865786,9852.741984870243
357,218992.62757906993,22.173370367865786,9876.379817135947
358,218949.321723282,22.173370367865786,9874.426760155007
359,218630.57729154965,22.173370367865786,9860.05165946241
360,218444.39606344354,22.173370367865786,9851.655045640637
361,219118.6124612268,22.173370367865786,9882.061627346426
362,218951.79425487333,22.173370367865786,9874.538269210703
363,219061.0437509871,22.173370367865786,9879.465327853628
364,219077.25198739994,22.173370367865786,9880.19630542465
365,218824.11590957586,22.173370367865786,9868.78008526396
366,219118.1507057722,22.173370367865786,9882.04080257117
367,218862.60877214556,22.173370367865786,9870.516080375712
368,218900.04255764777,22.173370367865786,9872.2043120194
369,218662.96491665754,22.173370367865786,9861.5123135971
370,219104.20859622638,22.173370367865786,9881.412025379677
371,218870.65109849226,22.173370367865786,9870.878782401307
372,219007.74560434197,22.173370367865786,9877.06162711888
373,218748.77942009305,22.173370367865786,9865.382474155096
374,218677.17627749578,22.173370367865786,9862.153233791121
375,219053.0442500055,22.173370367865786,9879.104557215296
376,219284.5385601303,22.173370367865786,9889.544752200733
377,218799.34884772354,22.173370367865786,9867.663112000922
378,218902.68667187236,22.173370367865786,9872.323559304801
379,218777.98627801577,22.173370367865786,9866.6996784158
380,218958.3901634986,22.173370367865786,9874.83573903671
381,218987.4146355153,22.173370367865786,9876.144717849365
382,218653.67380313278,22.173370367865786,9861.093292340043
383,219086.61307562795,22.173370367865786,9880.618482480853
384,219019.43188267725,22.173370367865786,9877.588668256125
385,218338.83469045884,22.173370367865786,9846.894318189943
386,218751.52406709065,22.173370367865786,9865.5062553824
387,219222.46016229023,22.173370367865786,9886.745069662165
388,218352.81034378835,22.173370367865786,9847.524608177331
389,219254.70722096847,22.173370367865786,9888.199384371354
390,218794.078007327,22.173370367865786,9867.42540161639
391,219127.9397446291,22.173370367865786,9882.482279833963
392,218883.6335709741,22.173370367865786,9871.464280783668
393,218730.82959772798,22.173370367865786,9864.572952550248
394,218613.85125627788,22.173370367865786,9859.297329606628
395,218954.28178103527,22.173370367865786,9874.650454508685
396,219272.2132639183,22.173370367865786,9888.988891904912
397,219135.56259988467,22.173370367865786,9882.826064072853
398,218574.98627736143,22.173370367865786,9857.544552366557
399,219383.39293690815,22.173370367865786,9894.0029998707
400,218818.46515387623,22.173370367865786,9868.525241024861
401,219561.5127958164,22.173370367865786,9902.03605285061
402,218597.41023566,22.173370367865786,9858.555853667467
403,219055.55051311245,22.173370367865786,9879.217587533438
404,218260.0876462597,22.173370367865786,9843.342893986373
405,218950.79081117825,22.173370367865786,9874.493014760053
406,219053.19775064173,22.173370367865786,9879.111479962434
407,218389.85112371098,22.173370367865786,9849.1951156062
408,218799.71200084875,22.173370367865786,9867.67948989563
409,218504.38640282585,22.173370367865786,9854.360558532318
410,219343.19161584863,22.173370367865786,9892.189954745281
411,218610.53620503008,22.173370367865786,9859.147823636502
412,219063.27113244802,22.173370367865786,9879.565780848548
413,218646.0073938821,22.173370367865786,9860.7475438533
414,218866.3225999907,22.173370367865786,9870.683570828607
415,219402.4284388432,22.173370367865786,9894.861484693676
416,218945.63599888186,22.173370367865786,9874.260537143395
417,218632.5630410449,22.173370367865786,9860.141215062766
418,218749.78344864343,22.173370367865786,9865.42775498222
419,218950.98294798308,22.173370367865786,9874.50167996528
420,219172.29301438664,22.173370367865786,9884.48257428725
421,219026.9603885808,22.173370367865786,9877.928197420102
422,219356.037487079,22.173370367865786,9892.769292528274
423,218894.27317155406,22.173370367865786,9871.9441176512
424,219035.90806769975,22.173370367865786,9878.331730079797
425,218921.2928489817,22.173370367865786,9873.162681946089
426,218807.91460189412,22.173370367865786,9868.049420172774
427,218647.8294415467,22.173370367865786,9860.829716641396
428,218970.6780521289,22.173370367865786,9875.389912282653
429,218845.62181492455,22.173370367865786,9869.749983163643
430,218777.6708305542,22.173370367865786,9866.685452005637
431,219590.52051741918,22.173370367865786,9903.344276233953
432,218708.35554825474,22.173370367865786,9863.559392180292
433,218847.1912260946,22.173370367865786,9869.820762262356
434,219058.81425995808,22.173370367865786,9879.364779718995
435,219403.2970272591,22.173370367865786,9894.900657286813
436,219051.3563099056,22.173370367865786,9879.028432563433
437,218669.28613752243,22.173370367865786,9861.797395240534
438,218997.43420533597,22.173370367865786,9876.596591861047
439,219533.67128456937,22.173370367865786,9900.780424554814
440,218937.80966097556,22.173370367865786,9873.90757601135
441,218470.37585548154,22.173370367865786,9852.826711995682
442,218959.23216644325,22.173370367865786,9874.873712647877
443,218657.60519224906,22.173370367865786,9861.270594619808
444,219265.06651536137,22.173370367865786,9888.666579670085
445,218982.2289715568,22.173370367865786,9875.910848849186
446,218269.73349361046,22.173370367865786,9843.77791343496
447,219222.91629022468,22.173370367865786,9886.765640641088
448,218610.47412650782,22.173370367865786,9859.145023948353
449,218835.89530759805,22.173370367865786,9869.311326019279
450,219250.03513861555,22.173370367865786,9887.988677461424
451,218894.5945545074,22.173370367865786,9871.958611746955
452,218778.35572662624,22.173370367865786,9866.716340231496
453,219319.40514341247,22.173370367865786,9891.117205224504
454,218582.50367949926,22.173370367865786,9857.883580760217
455,218758.3613317102,22.173370367865786,9865.814610156895
456,219070.42689036633,22.173370367865786,9879.888499397854
457,219099.2841776918,22.173370367865786,9881.18993832422
458,219240.15730565193,22.173370367865786,9887.543195660519
459,218621.7652125663,22.173370367865786,9859.654242252614
460,219462.78374610585,22.173370367865786,9897.583457323966
461,219205.14185354795,22.173370367865786,9885.96402878047
462,218901.09826999393,22.173370367865786,9872.251923741416
463,219031.3900456969,22.173370367865786,9878.12797115962
464,218530.00888299846,22.173370367865786,9855.516110428467
465,218724.0869792675,22.173370367865786,9864.268866236413
466,218640.47260651097,22.173370367865786,9860.497929686428
467,219445.22532033772,22.173370367865786,9896.791587370197
468,219390.72337641206,22.173370367865786,9894.333596409804
469,219112.20683729532,22.173370367865786,9881.77273919703
470,218844.005107701,22.173370367865786,9869.677071053453
471,219087.19135167883,22.173370367865786,9880.644562235138
472,218760.28333536547,22.173370367865786,9865.9012908745
473,219152.41382848393,22.173370367865786,9883.586040040407
474,218670.60303448053,22.173370367865786,9861.856786164702
475,218766.13334172082,22.173370367865786,9866.165121147405
476,218906.60389832137,22.173370367865786,9872.50022286041
477,219086.74578353655,22.173370367865786,9880.624467493793
478,218594.26905536154,22.173370367865786,9858.414189128142
479,218985.01929007572,22.173370367865786,9876.03668982296
480,218951.84473151903,22.173370367865786,9874.540545664164
481,218822.40592885297,22.173370367865786,9868.702966598888
482,219262.95905793086,22.173370367865786,9888.571535146155
483,218963.1689938707,22.173370367865786,9875.051260190814
484,219648.2990219529,22.173370367865786,9905.950037269607
485,218633.6346222499,22.173370367865786,9860.189542456717
486,218957.58671251178,22.173370367865786,9874.799504085797
487,218852.0417031475,22.173370367865786,9870.03951462036
488,218674.81274364342,22.173370367865786,9862.046640440036
489,218656.47894376155,22.173370367865786,9861.219801778267
490,218851.7777194709,22.173370367865786,9870.027609182791
491,219234.2924936701,22.173370367865786,9887.27869766655
492,219220.826424569,22.173370367865786,9886.671389491126
493,219069.25077721264,22.173370367865786,9879.835457702604
494,219129.58006099233,22.173370367865786,9882.556256696118
495,218964.67352654372,22.173370367865786,9875.119113324914
496,219103.35267452395,22.173370367865786,9881.373424044461
497,219018.33346450503,22.173370367865786,9877.539130537953
498,219544.07315286578,22.173370367865786,9901.249539900107
499,218922.18188587946,22.173370367865786,9873.202776748232
500,218845.1997418703,22.173370367865786,9869.730948030632
501,218570.9144064176,22.173370367865786,9857.36091447677
502,219057.15810966727,22.173370367865786,9879.290088760277
503,218495.74721980374,22.173370367865786,9853.970938782195
504,218735.80831623857,22.173370367865786,9864.797488488088
505,219503.60806037957,22.173370367865786,9899.42459890941
506,218796.6826087947,22.173370367865786,9867.54286691032
507,218601.91182082167,22.173370367865786,9858.758871300193
508,218897.88046460415,22.173370367865786,9872.106803476145
509,218815.63332919043,22.173370367865786,9868.397528158535
510,218820.60638189406,22.173370367865786,9868.621808573336
511,219099.1659015835,22.173370367865786,9881.184604173102
512,218922.67412211292,22.173370367865786,9873.224976180492
513,218992.9316046666,22.173370367865786,9876.393528429793
514,218836.51495162066,22.173370367865786,9869.339271433635
515,218647.7721908768,22.173370367865786,9860.827134685249
516,219026.7568963931,22.173370367865786,9877.91902009684
517,218997.3817428759,22.173370367865786,9876.594225849061
518,218633.6643504632,22.173370367865786,9860.19088317366
519,218895.02761401495,22.173370367865786,9871.978142359594
520,218296.9883635021,22.173370367865786,9845.007084708406
521,218832.56177667796,22.173370367865786,9869.16098663177
522,219051.91968986153,22.173370367865786,9879.053840516603
523,218668.13141459826,22.173370367865786,9861.745318226303
524,218673.05907861274,22.173370367865786,9861.967551650123
525,218986.7844568096,22.173370367865786,9876.116297329829
526,219167.7516773938,22.173370367865786,9884.277763881006
527,218632.638745759,22.173370367865786,9860.14462928049
528,219077.99916965896,22.173370367865786,9880.230002704162
529,218768.69444438652,22.173370367865786,9866.280624682646
530,218538.98982057133,22.173370367865786,9855.92114301593
531,219250.75210850465,22.173370367865786,9888.021012188947
532,218870.8888666111,22.173370367865786,9870.889505539688
533,219084.30573375156,22.173370367865786,9880.514423339726
534,218679.69576556573,22.173370367865786,9862.26686054376
535,219090.71111299266,22.173370367865786,9880.803300453796
536,219420.20080089284,22.173370367865786,9895.663002990388
537,219207.07754222894,22.173370367865786,9886.05132668101
538,218951.58190246075,22.173370367865786,9874.528692298893
539,218917.5632593112,22.173370367865786,9872.994480648378
540,218673.8410265491,22.173370367865786,9862.002816831888
541,218989.62842959625,22.173370367865786,9876.244558065093
542,218721.79494122247,22.173370367865786,9864.165497284963
543,219508.57480117815,22.173370367865786,9899.648594662704
544,218127.85536604852,22.173370367865786,9837.37933147795
545,218834.47271670264,22.173370367865786,9869.24716838912
546,219116.852120952,22.173370367865786,9881.982237508726
547,218750.8260641614,22.173370367865786,9865.474776048512
548,218719.18775147223,22.173370367865786,9864.047915261708
549,219169.11436890595,22.173370367865786,9884.339220100315
550,218844.86857663083,22.173370367865786,9869.716012762156
551,219249.01914033524,22.173370367865786,9887.94285680974
552,218667.15211973374,22.173370367865786,9861.701152867214
553,218228.5440710778,22.173370367865786,9841.920305779953
554,219244.96384684034,22.173370367865786,9887.75996654869
555,219079.8617576352,22.173370367865786,9880.314003825568
556,218906.38892159588,22.173370367865786,9872.490527594335
557,219247.55393427837,22.173370367865786,9887.876777272322
558,219146.5444632478,22.173370367865786,9883.321336698573
559,218968.76014461674,22.173370367865786,9875.30341629759
560,219561.52988549485,22.173370367865786,9902.036823580462
561,219223.39978667395,22.173370367865786,9886.78744591657
562,218566.43425863172,22.173370367865786,9857.158863651319
563,218397.4149805053,22.173370367865786,9849.536239065055
564,219370.75042955173,22.173370367865786,9893.43283362413
565,218493.48771346483,22.173370367865786,9853.869036982811
566,218573.43736289826,22.173370367865786,9857.474697651758
567,218746.63789385132,22.173370367865786,9865.285893156979
568,219234.8006759722,22.173370367865786,9887.301616252838
569,218613.94780799744,22.173370367865786,9859.30168400643
570,218668.34139897866,22.173370367865786,9861.754788341894
571,219115.5266947597,22.173370367865786,9881.922461923403
572,219017.71443536857,22.173370367865786,9877.511212854435
573,218602.3651443312,22.173370367865786,9858.779315801956
574,218766.0071711548,22.173370367865786,9866.15943096301
575,218317.56452987881,22.173370367865786,9845.935052177281
576,219381.65551382815,22.173370367865786,9893.924643578843
577,219332.38303615854,22.173370367865786,9891.702497064705
578,218924.2751092988,22.173370367865786,9873.297179330457
579,218915.0355116942,22.173370367865786,9872.880481397247
580,218643.88433957036,22.173370367865786,9860.651795923395
581,218684.79242924525,22.173370367865786,9862.496715707632
582,218953.06397555256,22.173370367865786,9874.595532525129
583,218803.19686215973,22.173370367865786,9867.83665415407
584,218984.46174094442,22.173370367865786,9876.011544834982
585,218770.3415037111,22.173370367865786,9866.35490564658
586,218507.83716979125,22.173370367865786,9854.516185164994
587,218742.76604940835,22.173370367865786,9865.111276290949
588,219135.95774172287,22.173370367865786,9882.843884631102
589,218668.59383506433,22.173370367865786,9861.766172993008
590,219370.24114956486,22.173370367865786,9893.409865533198
591,218503.92790057356,22.173370367865786,9854.339880473697
592,218370.51641542817,22.173370367865786,9848.323136833375
593,219068.97668506156,22.173370367865786,9879.8230963815
594,218817.76618540045,22.173370367865786,9868.493718145652
595,219355.07517418507,22.173370367865786,9892.725893041503
596,219251.36679901648,22.173370367865786,9888.048734204212
597,219309.07392863964,22.173370367865786,9890.651276292572
598,219596.53601386078,22.173370367865786,9903.615569967915
599,218612.33583517707,22.173370367865786,9859.228985413767
600,219100.91091034957,22.173370367865786,9881.263302572901
601,219381.62729532097,22.173370367865786,9893.923370948352
602,218459.67364122413,22.173370367865786,9852.344051304959
603,218960.17276325592,22.173370367865786,9874.916132757995
604,218929.11214547564,22.173370367865786,9873.515325516471
605,219244.96482973584,22.173370367865786,9887.760010876435
606,218795.19077813957,22.173370367865786,9867.47558662634
607,219100.26145121793,22.173370367865786,9881.23401252268
608,218741.85049348517,22.173370367865786,9865.069985503487
609,219006.9557313034,22.173370367865786,9877.026004521796
610,219428.96496941696,22.173370367865786,9896.058259479534
611,219064.3783829304,22.173370367865786,9879.61571689634
612,219004.7649667181,22.173370367865786,9876.927202916584
613,219122.68572149068,22.173370367865786,9882.245327893357
614,219282.49190586858,22.173370367865786,9889.452449847604
615,218672.33931508937,22.173370367865786,9861.93509093209
616,219037.8495760963,22.173370367865786,9878.41929044452
617,218705.22082884214,22.173370367865786,9863.418019021381
618,218803.9983932545,22.173370367865786,9867.872802519496
619,218692.31974483558,22.173370367865786,9862.836191189503
620,219294.40814300897,22.173370367865786,9889.989861929876
621,218586.01526664617,22.173370367865786,9858.041950330951
622,218790.12466838222,22.173370367865786,9867.247109418171
623,219335.0893540124,22.173370367865786,9891.824549680476
624,218680.14488615893,22.173370367865786,9862.287115497596
625,219249.76187831798,22.173370367865786,9887.9763536562
626,219101.30621825118,22.173370367865786,9881.281130620466
627,219097.74001650113,22.173370367865786,9881.120297977937
628,219076.36432130984,22.173370367865786,9880.156272444756
629,219018.44872578848,22.173370367865786,9877.544328723052
630,218697.9879209444,22.173370367865786,9863.091821074126
631,219025.0649674401,22.173370367865786,9877.84271555112
632,218899.74978598865,22.173370367865786,9872.191108268491
633,218556.6810541895,22.173370367865786,9856.719002489916
634,219265.78800132225,22.173370367865786,9888.699118068575
635,219574.39212136256,22.173370367865786,9902.616899394572
636,218794.5201052637,22.173370367865786,9867.445339854437
637,219145.9532296465,22.173370367865786,9883.294672569868
638,218925.62223857973,22.173370367865786,9873.357933706475
639,219127.6504709334,22.173370367865786,9882.469233838208
640,219056.94773191254,22.173370367865786,9879.280600903841
641,219077.02887353106,22.173370367865786,9880.186243180382
642,219244.56993716996,22.173370367865786,9887.742201560155
643,218933.17405174478,22.173370367865786,9873.69851400797
644,218956.36520476438,22.173370367865786,9874.744415133278
645,219269.38245759995,22.173370367865786,9888.861224966086
646,219033.75776336406,22.173370367865786,9878.234753197166
647,219413.49502976477,22.173370367865786,9895.360578459664
648,218756.06167964148,22.173370367865786,9865.710897819501
649,219105.45937545423,22.173370367865786,9881.468434450879
650,218724.8907605249,22.173370367865786,9864.305116082243
651,218496.23359965827,22.173370367865786,9853.992874096784
652,219035.88853096805,22.173370367865786,9878.330848989941
653,218481.92904622416,22.173370367865786,9853.347750996563
654,218832.66722580837,22.173370367865786,9869.165742297177
655,218703.8582276867,22.173370367865786,9863.356566877083
656,219221.46579799475,22.173370367865786,9886.700224684655
657,219173.88696102428,22.173370367865786,9884.554459914523
658,219042.25336202304,22.173370367865786,9878.617897415572
659,219130.2996751607,22.173370367865786,9882.588710678368
660,219404.4457210149,22.173370367865786,9894.952462390716
661,218500.94447920166,22.173370367865786,9854.205330726752
662,219051.69961270542,22.173370367865786,9879.043915225478
663,218742.23730321525,22.173370367865786,9865.0874302908
664,218880.6462502408,22.173370367865786,9871.329555178865
665,218402.40726876806,22.173370367865786,9849.761386987086
666,218906.74395830676,22.173370367865786,9872.506539445712
667,218762.33112577864,22.173370367865786,9865.993644467086
668,218897.29183025053,22.173370367865786,9872.080256571282
669,218848.32509659883,22.173370367865786,9869.871898850317
670,218982.0721410925,22.173370367865786,9875.903775929657
671,218522.97810503026,22.173370367865786,9855.1990283678
672,218487.78402726358,22.173370367865786,9853.611805623454
673,218612.9638478876,22.173370367865786,9859.257308248776
674,218876.21364421098,22.173370367865786,9871.129648445865
675,218875.93458233323,22.173370367865786,9871.117062994348
676,219340.43398914195,22.173370367865786,9892.065588144224
677,218453.29805311753,22.173370367865786,9852.056517745521
678,218944.20393262102,22.173370367865786,9874.195952182377
679,218562.09923605341,22.173370367865786,9856.963357848348
680,219225.05667918338,22.173370367865786,9886.862170348713
681,218566.22857415522,22.173370367865786,9857.149587457709
682,219007.32121672962,22.173370367865786,9877.04248760128
683,218999.88447972806,22.173370367865786,9876.707097136134
684,218855.3992535594,22.173370367865786,9870.190937266363
685,218828.88156707986,22.173370367865786,9868.995012333004
686,218462.49166503467,22.173370367865786,9852.471141763639
687,219034.79780827343,22.173370367865786,9878.281658331214
688,219278.80140819753,22.173370367865786,9889.286011565566
689,219238.20315228842,22.173370367865786,9887.455065018623
690,218869.95791058816,22.173370367865786,9870.847520220927
691,219169.2055909779,22.173370367865786,9884.343334137578
692,219044.75995920636,22.173370367865786,9878.73094280027
693,219211.17758352353,22.173370367865786,9886.236235029473
694,219421.28090287442,22.173370367865786,9895.711714664061
695,219180.11547559197,22.173370367865786,9884.835360583404
696,218629.85077175466,22.173370367865786,9860.018894042316
697,219023.86307039054,22.173370367865786,9877.788511024264
698,218714.09695498005,22.173370367865786,9863.818324702956
699,218947.11463073612,22.173370367865786,9874.327222172768
700,218617.4755187996,22.173370367865786,9859.460780740199
701,218700.91248378748,22.173370367865786,9863.223716351864
702,218850.69583387137,22.173370367865786,9869.97881706948
703,218895.30017107681,22.173370367865786,9871.99043444949
704,218845.14720057603,22.173370367865786,9869.72857846329
705,219103.58360379425,22.173370367865786,9881.383838756636
706,219243.04856901316,22.173370367865786,9887.673589160166
707,219347.03201694862,22.173370367865786,9892.363153543492
708,219398.22862360222,22.173370367865786,9894.67207662574
709,218833.58281878094,22.173370367865786,9869.207034755535
710,218971.4247474638,22.173370367865786,9875.423587602307
711,218865.7356301154,22.173370367865786,9870.657098990292
712,219049.94824565726,22.173370367865786,9878.964930072607
713,219167.1203575077,22.173370367865786,9884.249291895212
714,218714.60279798033,22.173370367865786,9863.841137788737
715,218497.64508819618,22.173370367865786,9854.056531020135
716,219243.31062852743,22.173370367865786,9887.685407819663
717,218748.00949500172,22.173370367865786,9865.347751193338
718,219179.49555614995,22.173370367865786,9884.807402747869
719,218944.01736180388,22.173370367865786,9874.187537998425
720,218807.33661652758,22.173370367865786,9868.023353528102
721,218734.57757401952,22.173370367865786,9864.74198306881
722,218916.4489275359,22.173370367865786,9872.944225240346
723,218494.78197345758,22.173370367865786,9853.927406999244
724,219172.95391606665,22.173370367865786,9884.512380386595
725,218328.728247777,22.173370367865786,9846.438526286674
726,218910.08802370538,22.173370367865786,9872.657353929173
727,219193.1110963371,22.173370367865786,9885.421451941169
728,218910.45447435582,22.173370367865786,9872.673880539443
729,218493.30411881744,22.173370367865786,9853.860757021563
730,218482.44568240934,22.173370367865786,9853.371050845733
731,218487.7477714137,22.173370367865786,9853.610170515698
732,219022.74126351828,22.173370367865786,9877.737918495766
733,219322.60164498928,22.173370367865786,9891.26136470607
734,218606.01670888154,22.173370367865786,9858.943998233617
735,218944.66218965937,22.173370367865786,9874.21661918206
736,219172.52644287265,22.173370367865786,9884.49310171191
737,218728.9263386734,22.173370367865786,9864.487117198067
738,218617.5873040489,22.173370367865786,9859.465822159138
739,218836.0669907875,22.173370367865786,9869.319068783983
740,219205.38541049068,22.173370367865786,9885.975012989848
741,218678.36106910027,22.173370367865786,9862.206666877062
742,219063.8788977122,22.173370367865786,9879.59319054108
743,219427.0435672427,22.173370367865786,9895.971605888204
744,218624.87749136964,22.173370367865786,9859.79460335928
745,218836.97751967527,22.173370367865786,9869.360132856456
746,219028.66970819994,22.173370367865786,9878.005286269961
747,219018.2551021823,22.173370367865786,9877.535596464359
748,218756.42155302604,22.173370367865786,9865.727127800717
749,218871.66856076388,22.173370367865786,9870.924669077745
750,219019.09344010422,22.173370367865786,9877.573404786142
751,219434.25334538787,22.173370367865786,9896.296760703442
752,218864.13113814188,22.173370367865786,9870.584737777408
753,218979.05879530596,22.173370367865786,9875.76787661726
754,218947.25799801468,22.173370367865786,9874.333687914159
755,218842.11362871338,22.173370367865786,9869.591766972195
756,219301.28772391562,22.173370367865786,9890.300125132651
757,219362.16263253242,22.173370367865786,9893.045531338694
758,218807.34908631982,22.173370367865786,9868.023915905045
759,218623.16886356618,22.173370367865786,9859.717545709716
760,219115.57957921518,22.173370367865786,9881.92484696702
761,218574.74279305147,22.173370367865786,9857.533571432856
762,219190.0297793805,22.173370367865786,9885.282487187256
763,218981.00106065348,22.173370367865786,9875.855471119823
764,218810.9463149325,22.173370367865786,9868.186147832486
765,218782.64724153123,22.173370367865786,9866.909883875689
766,218675.08423780723,22.173370367865786,9862.05888459414
767,219083.60686264906,22.173370367865786,9880.482904851966
768,218739.9084684837,22.173370367865786,9864.982401840325
769,219115.717201997,22.173370367865786,9881.931053636532
770,219084.2434125362,22.173370367865786,9880.511612706323
771,219213.30727967597,22.173370367865786,9886.332282500702
772,218711.68021578973,22.173370367865786,9863.709331836728
773,218477.28666239596,22.173370367865786,9853.138383464646
774,219077.47758219996,22.173370367865786,9880.206479556786
775,219013.46009071107,22.173370367865786,9877.319345556549
776,218578.18976867697,22.173370367865786,9857.68902707935
777,218828.49533388985,22.173370367865786,9868.977593547153
778,218763.43692213245,22.173370367865786,9866.043514934923
779,218796.98406076676,22.173370367865786,9867.556462135903
780,219147.0940428667,22.173370367865786,9883.346122268369
781,219233.2013496093,22.173370367865786,9887.229488004568
782,218404.1179465018,22.173370367865786,9849.838537086749
783,218874.9181596746,22.173370367865786,9871.071223203564
784,218537.94312059323,22.173370367865786,9855.873937743989
785,218959.1175673379,22.173370367865786,9874.868544326444
786,218686.01807347182,22.173370367865786,9862.551991211818
787,219203.36666416217,22.173370367865786,9885.88396926059
788,218861.91717467198,22.173370367865786,9870.484889922383
789,219151.19697288802,22.173370367865786,9883.531160895933
790,218453.67831669547,22.173370367865786,9852.073667306984
791,218659.1766388419,22.173370367865786,9861.341465514342
792,218939.67889463817,22.173370367865786,9873.991876847515
793,218681.10272737234,22.173370367865786,9862.330313315408
794,218804.89347347143,22.173370367865786,9867.913169870155
795,219396.44648375735,22.173370367865786,9894.591703646112
796,218951.6379367172,22.173370367865786,9874.531219395834
797,219174.4438234985,22.173370367865786,9884.579573934854
798,218811.59105654672,22.173370367865786,9868.215225126716
799,218920.29272305337,22.173370367865786,9873.117577123874
800,218927.38986147742,22.173370367865786,9873.437651984228
801,219151.55017889454,22.173370367865786,9883.547090184114
802,218611.07132089633,22.173370367865786,9859.171956903452
803,218801.1418978032,22.173370367865786,9867.74397702279
804,218920.53251258552,22.173370367865786,9873.128391426264
805,219201.07609803753,22.173370367865786,9885.78066669149
806,219205.5413813038,22.173370367865786,9885.982047139845
807,218866.4861517453,22.173370367865786,9870.69094687257
808,218620.2756491615,22.173370367865786,9859.58706421968
809,218678.83879272046,22.173370367865786,9862.228211802903
810,219317.50435345652,22.173370367865786,9891.031481226555
811,218921.0127207689,22.173370367865786,9873.150048403773
812,218787.26807041487,22.173370367865786,9867.118279298078
813,218656.55708161223,22.173370367865786,9861.223325728366
814,218970.6677704993,22.173370367865786,9875.389448589971
815,219319.07715206043,22.173370367865786,9891.10241309563
816,218896.8079307741,22.173370367865786,9872.058433119619
817,219073.43393326437,22.173370367865786,9880.024114455382
818,218711.18945063607,22.173370367865786,9863.687198748907
819,218768.5293350941,22.173370367865786,9866.273178395064
820,219239.93926305012,22.173370367865786,9887.53336212605
821,218736.05574952674,22.173370367865786,9864.808647517322
822,218808.5270125779,22.173370367865786,9868.077039369748
823,219180.3768430066,22.173370367865786,9884.847148029801
824,219313.11895986108,22.173370367865786,9890.833703733882
825,218759.36142508083,22.173370367865786,9865.859713510783
826,218201.48287544283,22.173370367865786,9840.699869049497
827,218692.5273317412,22.173370367865786,9862.845553181036
828,218762.8480345761,22.173370367865786,9866.016956610836
829,218838.55082886483,22.173370367865786,9869.431087752508
830,219227.78750478989,22.173370367865786,9886.985328243125
831,219239.46308529598,22.173370367865786,9887.511886917444
832,218968.54365104335,22.173370367865786,9875.293652622975
833,219247.2364335577,22.173370367865786,9887.862458261934
834,219015.04381235284,22.173370367865786,9877.390770045271
835,219412.62621867878,22.173370367865786,9895.321395824298
836,219217.95102544094,22.173370367865786,9886.5417114548
837,218764.38387235542,22.173370367865786,9866.0862215784
838,218795.8614346111,22.173370367865786,9867.505832658424
839,219112.3769315829,22.173370367865786,9881.78041030362
840,218886.0853049825,22.173370367865786,9871.574851886196
841,219324.86358171667,22.173370367865786,9891.363376113892
842,219024.40376807612,22.173370367865786,9877.812896026482
843,218691.06032011833,22.173370367865786,9862.779392214139
844,218863.2446976718,22.173370367865786,9870.544760071927
845,219095.84077718935,22.173370367865786,9881.03464391271
846,218974.2714496924,22.173370367865786,9875.551971433062
847,218749.47214545042,22.173370367865786,9865.413715475015
848,218444.44333029247,22.173370367865786,9851.657177335013
849,219102.3240337344,22.173370367865786,9881.327033226446
850,218581.73018320202,22.173370367865786,9857.848696740133
851,219070.99822064393,22.173370367865786,9879.914265903717
852,219061.01890536965,22.173370367865786,9879.464207337576
853,218846.46794566492,22.173370367865786,9869.78814293486
854,219651.84584072983,22.173370367865786,9906.109995756662
855,218700.34247912062,22.173370367865786,9863.198009629908
856,218584.87505692148,22.173370367865786,9857.99052784958
857,218443.1935547384,22.173370367865786,9851.60081352864
858,218705.97539516172,22.173370367865786,9863.452049315696
859,218626.15943173307,22.173370367865786,9859.85241777099
860,219336.73707697465,22.173370367865786,9891.8988605739
861,219168.22132683772,22.173370367865786,9884.298944668417
862,218758.19440271985,22.173370367865786,9865.807081802493
863,218976.84138910964,22.173370367865786,9875.667873498223
864,219318.05513324912,22.173370367865786,9891.056320923157
865,218854.45913340314,22.173370367865786,9870.148538653042
866,218872.9355152455,22.173370367865786,9870.98180763903
867,218724.31858921246,22.173370367865786,9864.279311646429
868,218772.99439711391,22.173370367865786,9866.474548865395
869,218655.33817053563,22.173370367865786,9861.168353883473
870,218971.7134685171,22.173370367865786,9875.436608674361
871,218715.56758850164,22.173370367865786,9863.884649014379
872,219022.13631376153,22.173370367865786,9877.710635780206
873,218495.64045117825,22.173370367865786,9853.966123608692
874,219199.2294988735,22.173370367865786,9885.697386651811
875,219030.31490264853,22.173370367865786,9878.079483129586
876,219610.84094524145,22.173370367865786,9904.260710113203
877,218773.48416259172,22.173370367865786,9866.496636868693
878,218738.43496655443,22.173370367865786,9864.915948166172
879,219010.28505681842,22.173370367865786,9877.17615424914
880,219279.03641845562,22.173370367865786,9889.29661032679
881,219486.9510449764,22.173370367865786,9898.67338179055
882,219019.1427356226,22.173370367865786,9877.575627971773
883,218334.79867130175,22.173370367865786,9846.71229718501
884,219058.9555104145,22.173370367865786,9879.371149993522
885,218915.2914630752,22.173370367865786,9872.892024585168
886,218728.168967436,22.173370367865786,9864.452960404362
887,218685.0714491492,22.173370367865786,9862.509299266167
888,218632.82459897862,22.173370367865786,9860.15301110141
889,218958.04234076838,22.173370367865786,9874.820052529676
890,219338.24331146208,22.173370367865786,9891.966790458371
891,219162.1808202611,22.173370367865786,9884.0265229988
892,218570.31311329277,22.173370367865786,9857.333796672176
893,219111.20772237593,22.173370367865786,9881.72767997045
894,218888.33542240236,22.173370367865786,9871.67633025338
895,218854.69014199197,22.173370367865786,9870.158956942412
896,218807.4946245279,22.173370367865786,9868.030479553496
897,218342.21104421973,22.173370367865786,9847.04658885087
898,218847.8961581719,22.173370367865786,9869.852554094881
899,219147.27477604512,22.173370367865786,9883.35427317982
900,218947.93479502492,22.173370367865786,9874.364210879274
901,218818.83539955522,22.173370367865786,9868.541938787666
902,219183.45921442244,22.173370367865786,9884.986160338922
903,219364.46483017606,22.173370367865786,9893.149358479333
904,218964.72577295432,22.173370367865786,9875.121469593256
905,218240.94782847477,22.173370367865786,9842.479704607971
906,218872.80842478707,22.173370367865786,9870.976075968276
907,219045.58360401358,22.173370367865786,9878.768088475175
908,219129.45839296296,22.173370367865786,9882.550769572268
909,219231.19932860727,22.173370367865786,9887.1391985732
910,218872.3370287078,22.173370367865786,9870.95481640911
911,219483.31163072283,22.173370367865786,9898.509247326858
912,219011.51312977978,22.173370367865786,9877.231539287182
913,218452.61706438183,22.173370367865786,9852.02580573718
914,218928.11813891205,22.173370367865786,9873.470496672362
915,219383.6189089647,22.173370367865786,9894.013191016782
916,219134.99660369413,22.173370367865786,9882.800538129744
917,218932.51484298205,22.173370367865786,9873.668784257743
918,219611.54354475412,22.173370367865786,9904.292396749064
919,218566.94128532807,22.173370367865786,9857.181730120778
920,218711.31827260013,22.173370367865786,9863.693008509079
921,219381.63375325414,22.173370367865786,9893.923662195604
922,219175.31917736126,22.173370367865786,9884.619051643846
923,219173.92209097068,22.173370367865786,9884.556044244997
924,218785.66848593854,22.173370367865786,9867.046139409114
925,219378.36862728238,22.173370367865786,9893.77640781264
926,219214.93425478836,22.173370367865786,9886.405657683878
927,218741.50406662186,22.173370367865786,9865.054361948854
928,219192.84047694443,22.173370367865786,9885.409247238493
929,218899.7835131488,22.173370367865786,9872.192629334508
930,219453.3525156502,22.173370367865786,9897.158116913412
931,218793.34718036422,22.173370367865786,9867.39244194672
932,218644.27363028325,22.173370367865786,9860.669352600908
933,219110.87278717067,22.173370367865786,9881.712574679748
934,218707.525652014,22.173370367865786,9863.521964571093
935,219091.70301566133,22.173370367865786,9880.848034414048
936,219606.27623421745,22.173370367865786,9904.054845558187
937,219031.29539496664,22.173370367865786,9878.123702492805
938,218762.08024595212,22.173370367865786,9865.982330001925
939,219174.3717919639,22.173370367865786,9884.576325374377
940,218599.01879475178,22.173370367865786,9858.628398303897
941,218867.2585351743,22.173370367865786,9870.72578070325
942,219001.90954637036,22.173370367865786,9876.798425906127
943,219114.86422847115,22.173370367865786,9881.892585261554
944,218776.56823807678,22.173370367865786,9866.635726029876
945,219048.1215555552,22.173370367865786,9878.882547914562
946,218702.885830574,22.173370367865786,9863.312712600688
947,219056.48934772244,22.173370367865786,9879.259928169724
948,218693.38213519735,22.173370367865786,9862.884104084302
949,219212.79633762492,22.173370367865786,9886.309239452099
950,218542.74031280968,22.173370367865786,9856.090287001538
951,219055.95701699433,22.173370367865786,9879.235920510118
952,218478.57386457015,22.173370367865786,9853.19643517951
953,218724.5358669283,22.173370367865786,9864.289110685197
954,219135.28572760517,22.173370367865786,9882.81357737034
955,218880.72798060902,22.173370367865786,9871.333241148426
956,218735.75355154008,22.173370367865786,9864.79501864712
957,219178.89142623355,22.173370367865786,9884.780157006406
958,218906.11849078073,22.173370367865786,9872.478331396343
959,219039.2386220153,22.173370367865786,9878.481935224992
960,218903.20178017052,22.173370367865786,9872.346790247577
961,218892.08910088183,22.173370367865786,9871.84561793573
962,218929.6179299915,22.173370367865786,9873.538135964656
963,219004.61736978331,22.173370367865786,9876.920546421323
964,218632.00687721843,22.173370367865786,9860.116132550851
965,219325.10243837605,22.173370367865786,9891.37414834452
966,219090.55532225964,22.173370367865786,9880.796274425256
967,218683.62607367133,22.173370367865786,9862.444114070868
968,218695.41616280747,22.173370367865786,9862.975836986263
969,218937.0497647334,22.173370367865786,9873.873305342095
970,218104.6293840119,22.173370367865786,9836.331859593825
971,219000.8569743177,22.173370367865786,9876.750955808655
972,218834.44421403526,22.173370367865786,9869.245882943249
973,218820.30167775962,22.173370367865786,9868.608066678018
974,218539.5189940799,22.173370367865786,9855.945008287641
975,218727.27178015633,22.173370367865786,9864.412498026979
976,218753.36262595683,22.173370367865786,9865.589172811535
977,218895.02289286494,22.173370367865786,9871.977929439776
978,218950.92233859538,22.173370367865786,9874.49894653384
979,218767.57234082493,22.173370367865786,9866.230018773713
980,218673.40086960664,22.173370367865786,9861.982966131018
981,218902.90804986798,22.173370367865786,9872.333543262672
982,218968.93664292764,22.173370367865786,9875.311376220145
983,219023.09851241246,22.173370367865786,9877.754030114715
984,219058.10846024993,22.173370367865786,9879.33294875706
985,218686.24003566563,22.173370367865786,9862.562001516526
986,218607.2994721286,22.173370367865786,9859.001849756673
987,218632.04821258681,22.173370367865786,9860.117996740539
988,218799.02715680742,22.173370367865786,9867.648604016309
989,218893.47436049883,22.173370367865786,9871.908091957226
990,219241.63095879508,22.173370367865786,9887.609656154287
991,219105.48346298852,22.173370367865786,9881.469520778031
992,219158.9815017578,22.173370367865786,9883.882236476264
993,218815.82183663614,22.173370367865786,9868.406029682777
994,219510.0797804682,22.173370367865786,9899.716467938848
995,219182.04823989124,22.173370367865786,9884.922526596834
996,219112.54740530552,22.173370367865786,9881.788098522407
997,218779.0839524295,22.173370367865786,9866.749182591102
998,218954.63909682404,22.173370367865786,9874.666569144521
999,219011.43384893064,22.173370367865786,9877.227963788833
